barcode,brand
MT-0001,Maitri
MT-0002,Maitri
MT-0003,Maitri
MT-0004,Maitri
MT-0005,Maitri
MT-0006,Maitri
MT-0007,Maitri
MT-0008,Maitri
MT-0009,Maitri
MT-0010,Maitri
MT-0011,Maitri
MT-0012,Maitri
MT-0013,Maitri
MT-0014,Maitri
MT-0015,Maitri
MT-0016,Maitri
MT-0017,Maitri
MT-0018,Maitri
MT-0019,Maitri
MT-0020,Maitri
MT-0021,Maitri
MT-0022,Maitri
MT-0023,Maitri
MT-0024,Maitri
MT-0025,Maitri
MT-0026,Maitri
MT-0027,Maitri
MT-0028,Maitri
MT-0029,Maitri
MT-0030,Maitri
MT-0031,Maitri
MT-0032,Maitri
MT-0033,Maitri
MT-0034,Maitri
MT-0035,Maitri
MT-0036,Maitri
MT-0037,Maitri
MT-0038,Maitri
MT-0039,Maitri
MT-0040,Maitri
MT-0041,Maitri
MT-0042,Maitri
MT-0043,Maitri
MT-0044,Maitri
MT-0045,Maitri
MT-0046,Maitri
MT-0047,Maitri
MT-0048,Maitri
MT-0049,Maitri
MT-0050,Maitri
MT-0051,Maitri
MT-0052,Maitri
MT-0053,Maitri
MT-0054,Maitri
MT-0055,Maitri
MT-0056,Maitri
MT-0057,Maitri
MT-0058,Maitri
MT-0059,Maitri
MT-0060,Maitri
MT-0061,Maitri
MT-0062,Maitri
MT-0063,Maitri
MT-0064,Maitri
MT-0065,Maitri
MT-0066,Maitri
MT-0067,Maitri
MT-0068,Maitri
MT-0069,Maitri
MT-0070,Maitri
MT-0071,Maitri
MT-0072,Maitri
MT-0073,Maitri
MT-0074,Maitri
MT-0075,Maitri
MT-0076,Maitri
MT-0077,Maitri
MT-0078,Maitri
MT-0079,Maitri
MT-0080,Maitri
MT-0081,Maitri
MT-0082,Maitri
MT-0083,Maitri
MT-0084,Maitri
MT-0085,Maitri
MT-0086,Maitri
MT-0087,Maitri
MT-0088,Maitri
MT-0089,Maitri
MT-0090,Maitri
MT-0091,Maitri
MT-0092,Maitri
MT-0093,Maitri
MT-0094,Maitri
MT-0095,Maitri
MT-0096,Maitri
MT-0097,Maitri
MT-0098,Maitri
MT-0099,Maitri
MT-0100,Maitri
MT-0101,Maitri
MT-0102,Maitri
MT-0103,Maitri
MT-0104,Maitri
MT-0105,Maitri
MT-0106,Maitri
MT-0107,Maitri
MT-0108,Maitri
MT-0109,Maitri
MT-0110,Maitri
MT-0111,Maitri
MT-0112,Maitri
MT-0113,Maitri
MT-0114,Maitri
MT-0115,Maitri
MT-0116,Maitri
MT-0117,Maitri
MT-0118,Maitri
MT-0119,Maitri
MT-0120,Maitri
MT-0121,Maitri
MT-0122,Maitri
MT-0123,Maitri
MT-0124,Maitri
MT-0125,Maitri
MT-0126,Maitri
MT-0127,Maitri
MT-0128,Maitri
MT-0129,Maitri
MT-0130,Maitri
MT-0131,Maitri
MT-0132,Maitri
MT-0133,Maitri
MT-0134,Maitri
MT-0135,Maitri
MT-0136,Maitri
MT-0137,Maitri
MT-0138,Maitri
MT-0139,Maitri
MT-0140,Maitri
MT-0141,Maitri
MT-0142,Maitri
MT-0143,Maitri
MT-0144,Maitri
MT-0145,Maitri
MT-0146,Maitri
MT-0147,Maitri
MT-0148,Maitri
MT-0149,Maitri
MT-0150,Maitri
MT-0151,Maitri
MT-0152,Maitri
MT-0153,Maitri
MT-0154,Maitri
MT-0155,Maitri
MT-0156,Maitri
MT-0157,Maitri
MT-0158,Maitri
MT-0159,Maitri
MT-0160,Maitri
MT-0161,Maitri
MT-0162,Maitri
MT-0163,Maitri
MT-0164,Maitri
MT-0165,Maitri
MT-0166,Maitri
MT-0167,Maitri
MT-0168,Maitri
MT-0169,Maitri
MT-0170,Maitri
MT-0171,Maitri
MT-0172,Maitri
MT-0173,Maitri
MT-0174,Maitri
MT-0175,Maitri
MT-0176,Maitri
MT-0177,Maitri
MT-0178,Maitri
MT-0179,Maitri
MT-0180,Maitri
MT-0181,Maitri
MT-0182,Maitri
MT-0183,Maitri
MT-0184,Maitri
MT-0185,Maitri
MT-0186,Maitri
MT-0187,Maitri
MT-0188,Maitri
MT-0189,Maitri
MT-0190,Maitri
MT-0191,Maitri
MT-0192,Maitri
MT-0193,Maitri
MT-0194,Maitri
MT-0195,Maitri
MT-0196,Maitri
MT-0197,Maitri
MT-0198,Maitri
MT-0199,Maitri
MT-0200,Maitri
MT-0201,Maitri
MT-0202,Maitri
MT-0203,Maitri
MT-0204,Maitri
MT-0205,Maitri
MT-0206,Maitri
MT-0207,Maitri
MT-0208,Maitri
MT-0209,Maitri
MT-0210,Maitri
MT-0211,Maitri
MT-0212,Maitri
MT-0213,Maitri
MT-0214,Maitri
MT-0215,Maitri
MT-0216,Maitri
MT-0217,Maitri
MT-0218,Maitri
MT-0219,Maitri
MT-0220,Maitri
MT-0221,Maitri
MT-0222,Maitri
MT-0223,Maitri
MT-0224,Maitri
MT-0225,Maitri
MT-0226,Maitri
MT-0227,Maitri
MT-0228,Maitri
MT-0229,Maitri
MT-0230,Maitri
MT-0231,Maitri
MT-0232,Maitri
MT-0233,Maitri
MT-0234,Maitri
MT-0235,Maitri
MT-0236,Maitri
MT-0237,Maitri
MT-0238,Maitri
MT-0239,Maitri
MT-0240,Maitri
MT-0241,Maitri
MT-0242,Maitri
MT-0243,Maitri
MT-0244,Maitri
MT-0245,Maitri
MT-0246,Maitri
MT-0247,Maitri
MT-0248,Maitri
MT-0249,Maitri
MT-0250,Maitri
MT-0251,Maitri
MT-0252,Maitri
MT-0253,Maitri
MT-0254,Maitri
MT-0255,Maitri
MT-0256,Maitri
MT-0257,Maitri
MT-0258,Maitri
MT-0259,Maitri
MT-0260,Maitri
MT-0261,Maitri
MT-0262,Maitri
MT-0263,Maitri
MT-0264,Maitri
MT-0265,Maitri
MT-0266,Maitri
MT-0267,Maitri
MT-0268,Maitri
MT-0269,Maitri
MT-0270,Maitri
MT-0271,Maitri
MT-0272,Maitri
MT-0273,Maitri
MT-0274,Maitri
MT-0275,Maitri
MT-0276,Maitri
MT-0277,Maitri
MT-0278,Maitri
MT-0279,Maitri
MT-0280,Maitri
MT-0281,Maitri
MT-0282,Maitri
MT-0283,Maitri
MT-0284,Maitri
MT-0285,Maitri
MT-0286,Maitri
MT-0287,Maitri
MT-0288,Maitri
MT-0289,Maitri
MT-0290,Maitri
MT-0291,Maitri
MT-0292,Maitri
MT-0293,Maitri
MT-0294,Maitri
MT-0295,Maitri
MT-0296,Maitri
MT-0297,Maitri
MT-0298,Maitri
MT-0299,Maitri
MT-0300,Maitri
MT-0301,Maitri
MT-0302,Maitri
MT-0303,Maitri
MT-0304,Maitri
MT-0305,Maitri
MT-0306,Maitri
MT-0307,Maitri
MT-0308,Maitri
MT-0309,Maitri
MT-0310,Maitri
MT-0311,Maitri
MT-0312,Maitri
MT-0313,Maitri
MT-0314,Maitri
MT-0315,Maitri
MT-0316,Maitri
MT-0317,Maitri
MT-0318,Maitri
MT-0319,Maitri
MT-0320,Maitri
MT-0321,Maitri
MT-0322,Maitri
MT-0323,Maitri
MT-0324,Maitri
MT-0325,Maitri
MT-0326,Maitri
MT-0327,Maitri
MT-0328,Maitri
MT-0329,Maitri
MT-0330,Maitri
MT-0331,Maitri
MT-0332,Maitri
MT-0333,Maitri
MT-0334,Maitri
MT-0335,Maitri
MT-0336,Maitri
MT-0337,Maitri
MT-0338,Maitri
MT-0339,Maitri
MT-0340,Maitri
MT-0341,Maitri
MT-0342,Maitri
MT-0343,Maitri
MT-0344,Maitri
MT-0345,Maitri
MT-0346,Maitri
MT-0347,Maitri
MT-0348,Maitri
MT-0349,Maitri
MT-0350,Maitri
MT-0351,Maitri
MT-0352,Maitri
MT-0353,Maitri
MT-0354,Maitri
MT-0355,Maitri
MT-0356,Maitri
MT-0357,Maitri
MT-0358,Maitri
MT-0359,Maitri
MT-0360,Maitri
MT-0361,Maitri
MT-0362,Maitri
MT-0363,Maitri
MT-0364,Maitri
MT-0365,Maitri
MT-0366,Maitri
MT-0367,Maitri
MT-0368,Maitri
MT-0369,Maitri
MT-0370,Maitri
MT-0371,Maitri
MT-0372,Maitri
MT-0373,Maitri
MT-0374,Maitri
MT-0375,Maitri
MT-0376,Maitri
MT-0377,Maitri
MT-0378,Maitri
MT-0379,Maitri
MT-0380,Maitri
MT-0381,Maitri
MT-0382,Maitri
MT-0383,Maitri
MT-0384,Maitri
MT-0385,Maitri
MT-0386,Maitri
MT-0387,Maitri
MT-0388,Maitri
MT-0389,Maitri
MT-0390,Maitri
MT-0391,Maitri
MT-0392,Maitri
MT-0393,Maitri
MT-0394,Maitri
MT-0395,Maitri
MT-0396,Maitri
MT-0397,Maitri
MT-0398,Maitri
MT-0399,Maitri
MT-0400,Maitri
MT-0401,Maitri
MT-0402,Maitri
MT-0403,Maitri
MT-0404,Maitri
MT-0405,Maitri
MT-0406,Maitri
MT-0407,Maitri
MT-0408,Maitri
MT-0409,Maitri
MT-0410,Maitri
MT-0411,Maitri
MT-0412,Maitri
MT-0413,Maitri
MT-0414,Maitri
MT-0415,Maitri
MT-0416,Maitri
MT-0417,Maitri
MT-0418,Maitri
MT-0419,Maitri
MT-0420,Maitri
MT-0421,Maitri
MT-0422,Maitri
MT-0423,Maitri
MT-0424,Maitri
MT-0425,Maitri
MT-0426,Maitri
MT-0427,Maitri
MT-0428,Maitri
MT-0429,Maitri
MT-0430,Maitri
MT-0431,Maitri
MT-0432,Maitri
MT-0433,Maitri
MT-0434,Maitri
MT-0435,Maitri
MT-0436,Maitri
MT-0437,Maitri
MT-0438,Maitri
MT-0439,Maitri
MT-0440,Maitri
MT-0441,Maitri
MT-0442,Maitri
MT-0443,Maitri
MT-0444,Maitri
MT-0445,Maitri
MT-0446,Maitri
MT-0447,Maitri
MT-0448,Maitri
MT-0449,Maitri
MT-0450,Maitri
MT-0451,Maitri
MT-0452,Maitri
MT-0453,Maitri
MT-0454,Maitri
MT-0455,Maitri
MT-0456,Maitri
MT-0457,Maitri
MT-0458,Maitri
MT-0459,Maitri
MT-0460,Maitri
MT-0461,Maitri
MT-0462,Maitri
MT-0463,Maitri
MT-0464,Maitri
MT-0465,Maitri
MT-0466,Maitri
MT-0467,Maitri
MT-0468,Maitri
MT-0469,Maitri
MT-0470,Maitri
MT-0471,Maitri
MT-0472,Maitri
MT-0473,Maitri
MT-0474,Maitri
MT-0475,Maitri
MT-0476,Maitri
MT-0477,Maitri
MT-0478,Maitri
MT-0479,Maitri
MT-0480,Maitri
MT-0481,Maitri
MT-0482,Maitri
MT-0483,Maitri
MT-0484,Maitri
MT-0485,Maitri
MT-0486,Maitri
MT-0487,Maitri
MT-0488,Maitri
MT-0489,Maitri
MT-0490,Maitri
MT-0491,Maitri
MT-0492,Maitri
MT-0493,Maitri
MT-0494,Maitri
MT-0495,Maitri
MT-0496,Maitri
MT-0497,Maitri
MT-0498,Maitri
MT-0499,Maitri
MT-0500,Maitri
MT-0501,Maitri
MT-0502,Maitri
MT-0503,Maitri
MT-0504,Maitri
MT-0505,Maitri
MT-0506,Maitri
MT-0507,Maitri
MT-0508,Maitri
MT-0509,Maitri
MT-0510,Maitri
MT-0511,Maitri
MT-0512,Maitri
MT-0513,Maitri
MT-0514,Maitri
MT-0515,Maitri
MT-0516,Maitri
MT-0517,Maitri
MT-0518,Maitri
MT-0519,Maitri
MT-0520,Maitri
MT-0521,Maitri
MT-0522,Maitri
MT-0523,Maitri
MT-0524,Maitri
MT-0525,Maitri
MT-0526,Maitri
MT-0527,Maitri
MT-0528,Maitri
MT-0529,Maitri
MT-0530,Maitri
MT-0531,Maitri
MT-0532,Maitri
MT-0533,Maitri
MT-0534,Maitri
MT-0535,Maitri
MT-0536,Maitri
MT-0537,Maitri
MT-0538,Maitri
MT-0539,Maitri
MT-0540,Maitri
MT-0541,Maitri
MT-0542,Maitri
MT-0543,Maitri
MT-0544,Maitri
MT-0545,Maitri
MT-0546,Maitri
MT-0547,Maitri
MT-0548,Maitri
MT-0549,Maitri
MT-0550,Maitri
MT-0551,Maitri
MT-0552,Maitri
MT-0553,Maitri
MT-0554,Maitri
MT-0555,Maitri
MT-0556,Maitri
MT-0557,Maitri
MT-0558,Maitri
MT-0559,Maitri
MT-0560,Maitri
MT-0561,Maitri
MT-0562,Maitri
MT-0563,Maitri
MT-0564,Maitri
MT-0565,Maitri
MT-0566,Maitri
MT-0567,Maitri
MT-0568,Maitri
MT-0569,Maitri
MT-0570,Maitri
MT-0571,Maitri
MT-0572,Maitri
MT-0573,Maitri
MT-0574,Maitri
MT-0575,Maitri
MT-0576,Maitri
MT-0577,Maitri
MT-0578,Maitri
MT-0579,Maitri
MT-0580,Maitri
MT-0581,Maitri
MT-0582,Maitri
MT-0583,Maitri
MT-0584,Maitri
MT-0585,Maitri
MT-0586,Maitri
MT-0587,Maitri
MT-0588,Maitri
MT-0589,Maitri
MT-0590,Maitri
MT-0591,Maitri
MT-0592,Maitri
MT-0593,Maitri
MT-0594,Maitri
MT-0595,Maitri
MT-0596,Maitri
MT-0597,Maitri
MT-0598,Maitri
MT-0599,Maitri
MT-0600,Maitri
MT-0601,Maitri
MT-0602,Maitri
MT-0603,Maitri
MT-0604,Maitri
MT-0605,Maitri
MT-0606,Maitri
MT-0607,Maitri
MT-0608,Maitri
MT-0609,Maitri
MT-0610,Maitri
MT-0611,Maitri
MT-0612,Maitri
MT-0613,Maitri
MT-0614,Maitri
MT-0615,Maitri
MT-0616,Maitri
MT-0617,Maitri
MT-0618,Maitri
MT-0619,Maitri
MT-0620,Maitri
MT-0621,Maitri
MT-0622,Maitri
MT-0623,Maitri
MT-0624,Maitri
MT-0625,Maitri
MT-0626,Maitri
MT-0627,Maitri
MT-0628,Maitri
MT-0629,Maitri
MT-0630,Maitri
MT-0631,Maitri
MT-0632,Maitri
MT-0633,Maitri
MT-0634,Maitri
MT-0635,Maitri
MT-0636,Maitri
MT-0637,Maitri
MT-0638,Maitri
MT-0639,Maitri
MT-0640,Maitri
MT-0641,Maitri
MT-0642,Maitri
MT-0643,Maitri
MT-0644,Maitri
MT-0645,Maitri
MT-0646,Maitri
MT-0647,Maitri
MT-0648,Maitri
MT-0649,Maitri
MT-0650,Maitri
MT-0651,Maitri
MT-0652,Maitri
MT-0653,Maitri
MT-0654,Maitri
MT-0655,Maitri
MT-0656,Maitri
MT-0657,Maitri
MT-0658,Maitri
MT-0659,Maitri
MT-0660,Maitri
MT-0661,Maitri
MT-0662,Maitri
MT-0663,Maitri
MT-0664,Maitri
MT-0665,Maitri
MT-0666,Maitri
MT-0667,Maitri
MT-0668,Maitri
MT-0669,Maitri
MT-0670,Maitri
MT-0671,Maitri
MT-0672,Maitri
MT-0673,Maitri
MT-0674,Maitri
MT-0675,Maitri
MT-0676,Maitri
MT-0677,Maitri
MT-0678,Maitri
MT-0679,Maitri
MT-0680,Maitri
MT-0681,Maitri
MT-0682,Maitri
MT-0683,Maitri
MT-0684,Maitri
MT-0685,Maitri
MT-0686,Maitri
MT-0687,Maitri
MT-0688,Maitri
MT-0689,Maitri
MT-0690,Maitri
MT-0691,Maitri
MT-0692,Maitri
MT-0693,Maitri
MT-0694,Maitri
MT-0695,Maitri
MT-0696,Maitri
MT-0697,Maitri
MT-0698,Maitri
MT-0699,Maitri
MT-0700,Maitri
NH-0001,Niharika
NH-0002,Niharika
NH-0003,Niharika
NH-0004,Niharika
NH-0005,Niharika
NH-0006,Niharika
NH-0007,Niharika
NH-0008,Niharika
NH-0009,Niharika
NH-0010,Niharika
NH-0011,Niharika
NH-0012,Niharika
NH-0013,Niharika
NH-0014,Niharika
NH-0015,Niharika
NH-0016,Niharika
NH-0017,Niharika
NH-0018,Niharika
NH-0019,Niharika
NH-0020,Niharika
NH-0021,Niharika
NH-0022,Niharika
NH-0023,Niharika
NH-0024,Niharika
NH-0025,Niharika
NH-0026,Niharika
NH-0027,Niharika
NH-0028,Niharika
NH-0029,Niharika
NH-0030,Niharika
NH-0031,Niharika
NH-0032,Niharika
NH-0033,Niharika
NH-0034,Niharika
NH-0035,Niharika
NH-0036,Niharika
NH-0037,Niharika
NH-0038,Niharika
NH-0039,Niharika
NH-0040,Niharika
NH-0041,Niharika
NH-0042,Niharika
NH-0043,Niharika
NH-0044,Niharika
NH-0045,Niharika
NH-0046,Niharika
NH-0047,Niharika
NH-0048,Niharika
NH-0049,Niharika
NH-0050,Niharika
NH-0051,Niharika
NH-0052,Niharika
NH-0053,Niharika
NH-0054,Niharika
NH-0055,Niharika
NH-0056,Niharika
NH-0057,Niharika
NH-0058,Niharika
NH-0059,Niharika
NH-0060,Niharika
NH-0061,Niharika
NH-0062,Niharika
NH-0063,Niharika
NH-0064,Niharika
NH-0065,Niharika
NH-0066,Niharika
NH-0067,Niharika
NH-0068,Niharika
NH-0069,Niharika
NH-0070,Niharika
NH-0071,Niharika
NH-0072,Niharika
NH-0073,Niharika
NH-0074,Niharika
NH-0075,Niharika
NH-0076,Niharika
NH-0077,Niharika
NH-0078,Niharika
NH-0079,Niharika
NH-0080,Niharika
NH-0081,Niharika
NH-0082,Niharika
NH-0083,Niharika
NH-0084,Niharika
NH-0085,Niharika
NH-0086,Niharika
NH-0087,Niharika
NH-0088,Niharika
NH-0089,Niharika
NH-0090,Niharika
NH-0091,Niharika
NH-0092,Niharika
NH-0093,Niharika
NH-0094,Niharika
NH-0095,Niharika
NH-0096,Niharika
NH-0097,Niharika
NH-0098,Niharika
NH-0099,Niharika
NH-0100,Niharika
NH-0101,Niharika
NH-0102,Niharika
NH-0103,Niharika
NH-0104,Niharika
NH-0105,Niharika
NH-0106,Niharika
NH-0107,Niharika
NH-0108,Niharika
NH-0109,Niharika
NH-0110,Niharika
NH-0111,Niharika
NH-0112,Niharika
NH-0113,Niharika
NH-0114,Niharika
NH-0115,Niharika
NH-0116,Niharika
NH-0117,Niharika
NH-0118,Niharika
NH-0119,Niharika
NH-0120,Niharika
NH-0121,Niharika
NH-0122,Niharika
NH-0123,Niharika
NH-0124,Niharika
NH-0125,Niharika
NH-0126,Niharika
NH-0127,Niharika
NH-0128,Niharika
NH-0129,Niharika
NH-0130,Niharika
NH-0131,Niharika
NH-0132,Niharika
NH-0133,Niharika
NH-0134,Niharika
NH-0135,Niharika
NH-0136,Niharika
NH-0137,Niharika
NH-0138,Niharika
NH-0139,Niharika
NH-0140,Niharika
NH-0141,Niharika
NH-0142,Niharika
NH-0143,Niharika
NH-0144,Niharika
NH-0145,Niharika
NH-0146,Niharika
NH-0147,Niharika
NH-0148,Niharika
NH-0149,Niharika
NH-0150,Niharika
NH-0151,Niharika
NH-0152,Niharika
NH-0153,Niharika
NH-0154,Niharika
NH-0155,Niharika
NH-0156,Niharika
NH-0157,Niharika
NH-0158,Niharika
NH-0159,Niharika
NH-0160,Niharika
NH-0161,Niharika
NH-0162,Niharika
NH-0163,Niharika
NH-0164,Niharika
NH-0165,Niharika
NH-0166,Niharika
NH-0167,Niharika
NH-0168,Niharika
NH-0169,Niharika
NH-0170,Niharika
NH-0171,Niharika
NH-0172,Niharika
NH-0173,Niharika
NH-0174,Niharika
NH-0175,Niharika
NH-0176,Niharika
NH-0177,Niharika
NH-0178,Niharika
NH-0179,Niharika
NH-0180,Niharika
NH-0181,Niharika
NH-0182,Niharika
NH-0183,Niharika
NH-0184,Niharika
NH-0185,Niharika
NH-0186,Niharika
NH-0187,Niharika
NH-0188,Niharika
NH-0189,Niharika
NH-0190,Niharika
NH-0191,Niharika
NH-0192,Niharika
NH-0193,Niharika
NH-0194,Niharika
NH-0195,Niharika
NH-0196,Niharika
NH-0197,Niharika
NH-0198,Niharika
NH-0199,Niharika
NH-0200,Niharika
NH-0201,Niharika
NH-0202,Niharika
NH-0203,Niharika
NH-0204,Niharika
NH-0205,Niharika
NH-0206,Niharika
NH-0207,Niharika
NH-0208,Niharika
NH-0209,Niharika
NH-0210,Niharika
NH-0211,Niharika
NH-0212,Niharika
NH-0213,Niharika
NH-0214,Niharika
NH-0215,Niharika
NH-0216,Niharika
NH-0217,Niharika
NH-0218,Niharika
NH-0219,Niharika
NH-0220,Niharika
NH-0221,Niharika
NH-0222,Niharika
NH-0223,Niharika
NH-0224,Niharika
NH-0225,Niharika
NH-0226,Niharika
NH-0227,Niharika
NH-0228,Niharika
NH-0229,Niharika
NH-0230,Niharika
NH-0231,Niharika
NH-0232,Niharika
NH-0233,Niharika
NH-0234,Niharika
NH-0235,Niharika
NH-0236,Niharika
NH-0237,Niharika
NH-0238,Niharika
NH-0239,Niharika
NH-0240,Niharika
NH-0241,Niharika
NH-0242,Niharika
NH-0243,Niharika
NH-0244,Niharika
NH-0245,Niharika
NH-0246,Niharika
NH-0247,Niharika
NH-0248,Niharika
NH-0249,Niharika
NH-0250,Niharika
NH-0251,Niharika
NH-0252,Niharika
NH-0253,Niharika
NH-0254,Niharika
NH-0255,Niharika
NH-0256,Niharika
NH-0257,Niharika
NH-0258,Niharika
NH-0259,Niharika
NH-0260,Niharika
NH-0261,Niharika
NH-0262,Niharika
NH-0263,Niharika
NH-0264,Niharika
NH-0265,Niharika
NH-0266,Niharika
NH-0267,Niharika
NH-0268,Niharika
NH-0269,Niharika
NH-0270,Niharika
NH-0271,Niharika
NH-0272,Niharika
NH-0273,Niharika
NH-0274,Niharika
NH-0275,Niharika
NH-0276,Niharika
NH-0277,Niharika
NH-0278,Niharika
NH-0279,Niharika
NH-0280,Niharika
NH-0281,Niharika
NH-0282,Niharika
NH-0283,Niharika
NH-0284,Niharika
NH-0285,Niharika
NH-0286,Niharika
NH-0287,Niharika
NH-0288,Niharika
NH-0289,Niharika
NH-0290,Niharika
NH-0291,Niharika
NH-0292,Niharika
NH-0293,Niharika
NH-0294,Niharika
NH-0295,Niharika
NH-0296,Niharika
NH-0297,Niharika
NH-0298,Niharika
NH-0299,Niharika
NH-0300,Niharika
NH-0301,Niharika
NH-0302,Niharika
NH-0303,Niharika
NH-0304,Niharika
NH-0305,Niharika
NH-0306,Niharika
NH-0307,Niharika
NH-0308,Niharika
NH-0309,Niharika
NH-0310,Niharika
NH-0311,Niharika
NH-0312,Niharika
NH-0313,Niharika
NH-0314,Niharika
NH-0315,Niharika
NH-0316,Niharika
NH-0317,Niharika
NH-0318,Niharika
NH-0319,Niharika
NH-0320,Niharika
NH-0321,Niharika
NH-0322,Niharika
NH-0323,Niharika
NH-0324,Niharika
NH-0325,Niharika
NH-0326,Niharika
NH-0327,Niharika
NH-0328,Niharika
NH-0329,Niharika
NH-0330,Niharika
NH-0331,Niharika
NH-0332,Niharika
NH-0333,Niharika
NH-0334,Niharika
NH-0335,Niharika
NH-0336,Niharika
NH-0337,Niharika
NH-0338,Niharika
NH-0339,Niharika
NH-0340,Niharika
NH-0341,Niharika
NH-0342,Niharika
NH-0343,Niharika
NH-0344,Niharika
NH-0345,Niharika
NH-0346,Niharika
NH-0347,Niharika
NH-0348,Niharika
NH-0349,Niharika
NH-0350,Niharika
NH-0351,Niharika
NH-0352,Niharika
NH-0353,Niharika
NH-0354,Niharika
NH-0355,Niharika
NH-0356,Niharika
NH-0357,Niharika
NH-0358,Niharika
NH-0359,Niharika
NH-0360,Niharika
NH-0361,Niharika
NH-0362,Niharika
NH-0363,Niharika
NH-0364,Niharika
NH-0365,Niharika
NH-0366,Niharika
NH-0367,Niharika
NH-0368,Niharika
NH-0369,Niharika
NH-0370,Niharika
NH-0371,Niharika
NH-0372,Niharika
NH-0373,Niharika
NH-0374,Niharika
NH-0375,Niharika
NH-0376,Niharika
NH-0377,Niharika
NH-0378,Niharika
NH-0379,Niharika
NH-0380,Niharika
NH-0381,Niharika
NH-0382,Niharika
NH-0383,Niharika
NH-0384,Niharika
NH-0385,Niharika
NH-0386,Niharika
NH-0387,Niharika
NH-0388,Niharika
NH-0389,Niharika
NH-0390,Niharika
NH-0391,Niharika
NH-0392,Niharika
NH-0393,Niharika
NH-0394,Niharika
NH-0395,Niharika
NH-0396,Niharika
NH-0397,Niharika
NH-0398,Niharika
NH-0399,Niharika
NH-0400,Niharika
NH-0401,Niharika
NH-0402,Niharika
NH-0403,Niharika
NH-0404,Niharika
NH-0405,Niharika
NH-0406,Niharika
NH-0407,Niharika
NH-0408,Niharika
NH-0409,Niharika
NH-0410,Niharika
NH-0411,Niharika
NH-0412,Niharika
NH-0413,Niharika
NH-0414,Niharika
NH-0415,Niharika
NH-0416,Niharika
NH-0417,Niharika
NH-0418,Niharika
NH-0419,Niharika
NH-0420,Niharika
NH-0421,Niharika
NH-0422,Niharika
NH-0423,Niharika
NH-0424,Niharika
NH-0425,Niharika
NH-0426,Niharika
NH-0427,Niharika
NH-0428,Niharika
NH-0429,Niharika
NH-0430,Niharika
NH-0431,Niharika
NH-0432,Niharika
NH-0433,Niharika
NH-0434,Niharika
NH-0435,Niharika
NH-0436,Niharika
NH-0437,Niharika
NH-0438,Niharika
NH-0439,Niharika
NH-0440,Niharika
NH-0441,Niharika
NH-0442,Niharika
NH-0443,Niharika
NH-0444,Niharika
NH-0445,Niharika
NH-0446,Niharika
NH-0447,Niharika
NH-0448,Niharika
NH-0449,Niharika
NH-0450,Niharika
NH-0451,Niharika
NH-0452,Niharika
NH-0453,Niharika
NH-0454,Niharika
NH-0455,Niharika
NH-0456,Niharika
NH-0457,Niharika
NH-0458,Niharika
NH-0459,Niharika
NH-0460,Niharika
NH-0461,Niharika
NH-0462,Niharika
NH-0463,Niharika
NH-0464,Niharika
NH-0465,Niharika
NH-0466,Niharika
NH-0467,Niharika
NH-0468,Niharika
NH-0469,Niharika
NH-0470,Niharika
NH-0471,Niharika
NH-0472,Niharika
NH-0473,Niharika
NH-0474,Niharika
NH-0475,Niharika
NH-0476,Niharika
NH-0477,Niharika
NH-0478,Niharika
NH-0479,Niharika
NH-0480,Niharika
NH-0481,Niharika
NH-0482,Niharika
NH-0483,Niharika
NH-0484,Niharika
NH-0485,Niharika
NH-0486,Niharika
NH-0487,Niharika
NH-0488,Niharika
NH-0489,Niharika
NH-0490,Niharika
NH-0491,Niharika
NH-0492,Niharika
NH-0493,Niharika
NH-0494,Niharika
NH-0495,Niharika
NH-0496,Niharika
NH-0497,Niharika
NH-0498,Niharika
NH-0499,Niharika
NH-0500,Niharika
NH-0501,Niharika
NH-0502,Niharika
NH-0503,Niharika
NH-0504,Niharika
NH-0505,Niharika
NH-0506,Niharika
NH-0507,Niharika
NH-0508,Niharika
NH-0509,Niharika
NH-0510,Niharika
NH-0511,Niharika
NH-0512,Niharika
NH-0513,Niharika
NH-0514,Niharika
NH-0515,Niharika
NH-0516,Niharika
NH-0517,Niharika
NH-0518,Niharika
NH-0519,Niharika
NH-0520,Niharika
NH-0521,Niharika
NH-0522,Niharika
NH-0523,Niharika
NH-0524,Niharika
NH-0525,Niharika
NH-0526,Niharika
NH-0527,Niharika
NH-0528,Niharika
NH-0529,Niharika
NH-0530,Niharika
NH-0531,Niharika
NH-0532,Niharika
NH-0533,Niharika
NH-0534,Niharika
NH-0535,Niharika
NH-0536,Niharika
NH-0537,Niharika
NH-0538,Niharika
NH-0539,Niharika
NH-0540,Niharika
NH-0541,Niharika
NH-0542,Niharika
NH-0543,Niharika
NH-0544,Niharika
NH-0545,Niharika
NH-0546,Niharika
NH-0547,Niharika
NH-0548,Niharika
NH-0549,Niharika
NH-0550,Niharika
NH-0551,Niharika
NH-0552,Niharika
NH-0553,Niharika
NH-0554,Niharika
NH-0555,Niharika
NH-0556,Niharika
NH-0557,Niharika
NH-0558,Niharika
NH-0559,Niharika
NH-0560,Niharika
NH-0561,Niharika
NH-0562,Niharika
NH-0563,Niharika
NH-0564,Niharika
NH-0565,Niharika
NH-0566,Niharika
NH-0567,Niharika
NH-0568,Niharika
NH-0569,Niharika
NH-0570,Niharika
NH-0571,Niharika
NH-0572,Niharika
NH-0573,Niharika
NH-0574,Niharika
NH-0575,Niharika
NH-0576,Niharika
NH-0577,Niharika
NH-0578,Niharika
NH-0579,Niharika
NH-0580,Niharika
NH-0581,Niharika
NH-0582,Niharika
NH-0583,Niharika
NH-0584,Niharika
NH-0585,Niharika
NH-0586,Niharika
NH-0587,Niharika
NH-0588,Niharika
NH-0589,Niharika
NH-0590,Niharika
NH-0591,Niharika
NH-0592,Niharika
NH-0593,Niharika
NH-0594,Niharika
NH-0595,Niharika
NH-0596,Niharika
NH-0597,Niharika
NH-0598,Niharika
NH-0599,Niharika
NH-0600,Niharika
NH-0601,Niharika
NH-0602,Niharika
NH-0603,Niharika
NH-0604,Niharika
NH-0605,Niharika
NH-0606,Niharika
NH-0607,Niharika
NH-0608,Niharika
NH-0609,Niharika
NH-0610,Niharika
NH-0611,Niharika
NH-0612,Niharika
NH-0613,Niharika
NH-0614,Niharika
NH-0615,Niharika
NH-0616,Niharika
NH-0617,Niharika
NH-0618,Niharika
NH-0619,Niharika
NH-0620,Niharika
NH-0621,Niharika
NH-0622,Niharika
NH-0623,Niharika
NH-0624,Niharika
NH-0625,Niharika
NH-0626,Niharika
NH-0627,Niharika
NH-0628,Niharika
NH-0629,Niharika
NH-0630,Niharika
NH-0631,Niharika
NH-0632,Niharika
NH-0633,Niharika
NH-0634,Niharika
NH-0635,Niharika
NH-0636,Niharika
NH-0637,Niharika
NH-0638,Niharika
NH-0639,Niharika
NH-0640,Niharika
NH-0641,Niharika
NH-0642,Niharika
NH-0643,Niharika
NH-0644,Niharika
NH-0645,Niharika
NH-0646,Niharika
NH-0647,Niharika
NH-0648,Niharika
NH-0649,Niharika
NH-0650,Niharika
NH-0651,Niharika
NH-0652,Niharika
NH-0653,Niharika
NH-0654,Niharika
NH-0655,Niharika
NH-0656,Niharika
NH-0657,Niharika
NH-0658,Niharika
NH-0659,Niharika
NH-0660,Niharika
NH-0661,Niharika
NH-0662,Niharika
NH-0663,Niharika
NH-0664,Niharika
NH-0665,Niharika
NH-0666,Niharika
NH-0667,Niharika
NH-0668,Niharika
NH-0669,Niharika
NH-0670,Niharika
NH-0671,Niharika
NH-0672,Niharika
NH-0673,Niharika
NH-0674,Niharika
NH-0675,Niharika
NH-0676,Niharika
NH-0677,Niharika
NH-0678,Niharika
NH-0679,Niharika
NH-0680,Niharika
NH-0681,Niharika
NH-0682,Niharika
NH-0683,Niharika
NH-0684,Niharika
NH-0685,Niharika
NH-0686,Niharika
NH-0687,Niharika
NH-0688,Niharika
NH-0689,Niharika
NH-0690,Niharika
NH-0691,Niharika
NH-0692,Niharika
NH-0693,Niharika
NH-0694,Niharika
NH-0695,Niharika
NH-0696,Niharika
NH-0697,Niharika
NH-0698,Niharika
NH-0699,Niharika
NH-0700,Niharika
